i_.,.,3895338,-,0,-,0,-,0,-,0,-,0,-,0,-,0,-,0,-,0,-,0,-,0,-,0,-,0,-,0
"i_,",",",1967739,-,0,-,0,-,0,-,0,-,0,-,0,-,0,-,0,-,0,-,0,-,0,-,0,-,0,-,0
i_”,”,1629352,-,0,-,0,-,0,-,0,-,0,-,0,-,0,-,0,-,0,-,0,-,0,-,0,-,0,-,0
i_!,!,86228,-,0,-,0,-,0,-,0,-,0,-,0,-,0,-,0,-,0,-,0,-,0,-,0,-,0,-,0
i_?,?,487597,-,0,-,0,-,0,-,0,-,0,-,0,-,0,-,0,-,0,-,0,-,0,-,0,-,0,-,0
i_–,–,341228,-,0,-,0,-,0,-,0,-,0,-,0,-,0,-,0,-,0,-,0,-,0,-,0,-,0,-,0
i_:,:,75976,-,0,-,0,-,0,-,0,-,0,-,0,-,0,-,0,-,0,-,0,-,0,-,0,-,0,-,0
i_;,;,8839,-,0,-,0,-,0,-,0,-,0,-,0,-,0,-,0,-,0,-,0,-,0,-,0,-,0,-,0
i_(,(,325,-,0,-,0,-,0,-,0,-,0,-,0,-,0,-,0,-,0,-,0,-,0,-,0,-,0,-,0
i_),),1510,-,0,-,0,-,0,-,0,-,0,-,0,-,0,-,0,-,0,-,0,-,0,-,0,-,0,-,0
i_-,-,525,-,0,-,0,-,0,-,0,-,0,-,0,-,0,-,0,-,0,-,0,-,0,-,0,-,0,-,0
i_],],112,-,0,-,0,-,0,-,0,-,0,-,0,-,0,-,0,-,0,-,0,-,0,-,0,-,0,-,0
i_',',4,-,0,-,0,-,0,-,0,-,0,-,0,-,0,-,0,-,0,-,0,-,0,-,0,-,0,-,0
m_UTR_NN,gång,36934,dörren,35621,mamma,30940,hand,30254,handen,28925,tid,26342,tiden,25489,pappa,24950,mannen,24355,man,23698,dag,23630,väg,23356,blick,22921,stund,21334,bilen,21045
m_SIN_NN,huvudet,38340,gång,36934,dörren,35621,mamma,30940,hand,30254,handen,28925,tid,26342,tiden,25489,liv,25299,pappa,24950,mannen,24355,dag,23630,väg,23356,man,23132,sätt,22970
m_IND_NN,år,40204,gång,36934,mamma,30940,hand,30254,fall,26879,liv,26514,tid,26342,pappa,24950,sätt,24874,man,23702,dag,23630,barn,23603,väg,23356,blick,22921,stund,21334
m_NOM_NN,år,40204,huvudet,38340,gång,36934,dörren,35621,mamma,30940,hand,30254,handen,28925,fall,26879,liv,26514,tid,26342,tiden,25489,pappa,24950,sätt,24874,mannen,24355,ögonen,24074
m_NOM_PM,johan,10056,harry,9806,thomas,9754,erik,9485,annika,9060,patrik,8922,maria,8820,stockholm,8176,martin,8104,henrik,7986,malin,7756,langdon,7564,sebastian,7284,karin,7064,anna,6908
m_AN_AB,kl,368,ca,85,etc,24,osv,21,dvs,13,knappt,9,noll,8,mella,4,max,3,hl,3,pk,2,och…,2,mp5,2,marwan,2,fyrtiotre,2
m_UTR_PN,han,894823,jag,802180,hon,776176,du,363307,vi,210591,honom,183950,mig,176806,henne,167427,den,132670,man,91216,dig,87650,ni,61085,någon,45697,oss,41074,en,30813
m_SIN_PN,det,1107492,han,894823,jag,802180,hon,776176,du,363307,honom,183950,mig,176806,henne,167427,den,132637,man,91216,dig,87650,något,71989,ni,61085,allt,48522,någon,45697
m_DEF_PN,det,1107492,han,894823,jag,802180,hon,776176,sig,448517,du,363307,de,249915,vi,210591,honom,183950,mig,176806,henne,167427,den,132670,dem,92085,dig,87650,ni,61085
m_SUB/OBJ_PN,det,1107492,den,132670,något,71989,allt,48522,någon,45697,en,30813,alla,26055,ingen,25258,ingenting,20549,inget,16385,andra,16124,var,13301,någonting,12783,detta,12254,många,6976
m_PRT_VB,var,584827,hade,463563,skulle,227713,sa,218915,kunde,110483,såg,100503,gick,82029,kom,71719,fick,70510,tog,64812,blev,57958,ville,52716,gjorde,49747,tänkte,46990,stod,46333
m_AKT_VB,var,584827,är,508967,hade,463563,har,292598,skulle,227713,sa,218975,kan,135149,kunde,110483,såg,101544,ha,101498,ska,95555,vara,94852,gick,82029,kom,80574,vet,79099
m_DEF_NN,huvudet,38340,dörren,35621,handen,28925,tiden,25489,mannen,24355,ögonen,24074,bilen,21045,gången,20441,huset,20218,sidan,20196,vägen,19274,rummet,18960,blicken,17697,golvet,16362,polisen,16166
m_UTR_DT,en,759655,den,295855,någon,48059,ingen,36363,all,10115,denna,8169,nån,3813,var,3685,varenda,1886,varannan,669,varsin,455,denne,390,samme,231,lite,61,mången,41
m_SIN_DT,en,759655,ett,309088,den,295855,det,160483,någon,48059,något,39582,ingen,36363,varje,21635,inget,16950,all,10115,allt,9151,denna,8169,detta,5902,nån,3813,varenda,3731
m_DEF_DT,den,295855,det,160483,de,141044,denna,8169,detta,5902,dessa,5632,dom,3434,bägge,1282,vardera,393,denne,389,ömse,108,truut,18,samme,15,kära,12,teddys,9
m_POS_JJ,själv,55204,hela,48244,andra,46703,bra,27610,enda,25262,stora,23866,annan,23527,annat,22546,liten,21507,många,20816,lilla,18551,okej,17740,flera,17590,ena,17271,stor,17082
m_UTR/NEU_JJ,hela,48244,andra,46746,bra,27610,enda,25262,stora,23866,många,20816,sista,19630,lilla,18537,flera,17590,ena,17271,gamla,16499,nya,15867,bättre,14429,båda,12715,nästa,12344
m_SIN_JJ,själv,55204,hela,47157,andra,24501,annan,23527,annat,22546,liten,21507,lilla,18497,okej,17735,stor,17082,egen,16250,svårt,14135,tyst,13596,ensam,13326,lång,13102,säker,12792
m_DEF_JJ,hela,47226,andra,24756,sista,19630,lilla,18512,stora,11801,bästa,9923,gamla,9333,senaste,9088,nya,7801,själva,6184,flesta,5412,vita,4938,svarta,4855,förra,4626,minsta,4612
m_NOM_JJ,själv,55204,hela,48244,andra,47078,bra,27610,enda,25262,stora,23866,annan,23527,annat,22546,liten,21507,många,20816,sista,19630,lilla,18551,okej,17740,flera,17590,ena,17271
m_-_HP,som,1508267,som…,48,nombeko,21,tu,18,truut,18,men…,18,vem,16,yusef,15,lale,15,hinde,15,solara,12,kya,12,fariha,12,och…,10,tjåmme,9
m_NEU_NN,år,40204,huvudet,38336,fall,26879,liv,26514,sätt,24874,ögonen,24074,barn,23603,huset,20203,par,19947,ögon,19629,rummet,18962,tag,18921,ansikte,16904,golvet,16358,folk,16042
m_GEN_NN,sorts,4949,slags,4386,mammas,2797,pappas,2506,dagens,2429,mannens,2290,världens,2236,års,1787,polisens,1713,sortens,1534,kvinnans,1533,säkerhets,1417,grimas,1339,hundratals,1308,gångs,1181
m_SUB_PN,han,894823,jag,802180,hon,776176,du,363307,de,249915,vi,210591,man,91216,ni,61085,dom,8190,truut,501,fan,498,bägge,402,yusef,303,lale,243,aliide,226
m_UTR/NEU_PN,sig,448517,de,249915,dem,92085,alla,26055,varandra,21061,andra,16051,dom,13902,många,6976,några,5095,båda,4122,sådana,2016,fler,1927,flera,1730,allihop,1405,vissa,1139
m_SIN/PLU_PN,sig,448517,sej,1138,ens,52,stint,18,hän,18,eld,12,truut,5,sig…,5,hilly,5,mig…,4,upprymt,3,corky,3,yusef,2,varsin,2,tohunga,2
m_OBJ_PN,sig,448517,honom,183950,mig,176806,henne,167427,dem,92085,dig,87650,oss,41074,varandra,21061,er,15735,mej,3799,dej,3508,dom,2878,sej,1537,samir,400,varann,375
m_NOM_RO,första,31097,tredje,4654,andra,2898,fjärde,1650,femte,801,iii,749,sjätte,505,sjunde,400,tionde,398,näst,304,åttonde,212,elfte,171,nionde,161,igår,147,femtonde,138
m_IND_DT,en,759655,ett,309088,några,58335,någon,48059,något,39582,ingen,36363,samma,34876,varje,21635,inga,18791,inget,16950,nån,3813,varenda,3732,var,3685,nåt,2704,någonting,1587
m_PRF_PC,tvungen,7196,taget,5587,klädd,4011,förvånad,3743,sagt,3615,sett,3548,hämtade,3242,intresserad,3222,övertygad,2950,beredd,2946,älskade,2794,galen,2531,misstänkt,2366,irriterad,2308,gift,2140
m_UTR/NEU_PC,hämtade,3242,älskade,2794,levande,2715,liknande,2267,frågande,2263,spännande,1869,dödade,1807,sittande,1705,upprepade,1590,kallade,1541,lugnande,1470,rasande,1453,förbannade,1448,väntade,1406,darrande,1300
m_SIN_PC,tvungen,7192,taget,5587,klädd,4011,förvånad,3743,sagt,3615,sett,3548,intresserad,3222,övertygad,2950,beredd,2946,galen,2531,misstänkt,2366,irriterad,2308,gift,2140,utmärkt,1994,upptagen,1902
m_DEF_PC,älskade,1723,förflutna,1086,förbannade,1013,upprepade,879,kallade,785,stängda,533,slitna,485,motsatta,442,berömda,412,samlade,347,förlorade,343,dödade,331,skadade,326,okända,312,mördade,287
m_NOM_PC,tvungen,7188,taget,5587,klädd,4011,förvånad,3743,sagt,3615,sett,3548,hämtade,3242,intresserad,3222,övertygad,2950,beredd,2946,älskade,2794,levande,2715,galen,2531,misstänkt,2366,irriterad,2308
m_NEU_PN,det,1107492,något,71989,allt,48522,ingenting,20548,inget,16385,någonting,12781,detta,12254,nåt,5606,allting,5389,annat,4826,ett,4035,sådant,3985,mycket,3119,sånt,2148,alltihop,2086
m_SUP_VB,varit,70542,fått,35855,gjort,29565,blivit,26029,gått,22906,sett,22279,haft,21421,kommit,21236,sagt,20076,tagit,19113,hänt,14231,hört,12241,börjat,11039,kunnat,10503,tänkt,9350
m_POS_AB,mycket,58194,lite,48714,helt,39828,länge,25616,plötsligt,20775,bra,20263,faktiskt,19848,snabbt,18882,snart,18106,långt,17139,säkert,13593,väldigt,12190,hårt,11740,rakt,11630,direkt,11125
m_SIN/PLU_JJ,bra,27610,enda,25262,sista,19629,ena,17271,bättre,14429,nästa,12344,bästa,9923,senaste,9088,större,8886,äldre,7238,mer,7049,fel,5657,värre,5109,minsta,4612,värsta,4373
m_IND/DEF_JJ,bra,27610,enda,25262,andra,22098,många,20793,ena,17271,egen,16250,bättre,14429,båda,12705,nästa,12344,små,12282,stora,12065,olika,11037,större,8886,nya,8066,eget,7361
m_NEU_DT,ett,309088,det,160483,något,39582,inget,16950,allt,9151,detta,5902,nåt,2704,någonting,1587,ingenting,1019,vart,464,allting,221,intet,178,vartenda,121,nånting,119,sånt,118
m_PLU_PC,hämtade,3225,dödade,1512,väntade,1311,kontrollerade,1257,älskade,1080,slutna,1000,fyllda,979,ändrade,962,passerade,926,misstänkta,879,tvungna,876,klädda,815,inblandade,810,försäkrade,798,gifta,788
m_IND/DEF_PC,hämtade,3224,levande,2715,liknande,2267,frågande,2263,spännande,1869,sittande,1705,dödade,1476,lugnande,1470,rasande,1453,väntade,1306,darrande,1300,hängande,1291,avgörande,1260,kontrollerade,1257,liggande,1226
m_INF_VB,ha,101114,vara,94809,få,69045,göra,62043,ta,59699,gå,51878,bli,51417,se,50736,komma,38678,säga,38153,kunna,28891,veta,20499,prata,20386,hålla,19108,tänka,17234
m_PRS_VB,är,508967,har,292598,kan,135149,ska,95555,vet,79099,måste,78546,kommer,77611,säger,76208,vill,67815,får,54055,ser,50577,går,47436,tror,39847,gör,39804,finns,33774
m_SFO_VB,fanns,40913,finns,33774,kändes,12896,minns,9677,känns,8610,hoppas,7020,hördes,6716,lyckades,6087,mindes,5852,tycktes,5841,lyckats,5277,syntes,4842,finnas,4800,ses,4326,hoppades,4264
m_NEU_PC,taget,5587,sagt,3615,sett,3548,bestämt,1746,utmärkt,1482,talat,1470,oväntat,1347,täckt,1106,irriterat,1091,förvånat,1074,bortsett,1038,betalt,1024,uppgivet,974,förvirrat,909,särskilt,905
m_IND_PC,tvungen,7146,taget,5587,klädd,4011,förvånad,3743,sagt,3615,sett,3548,intresserad,3222,övertygad,2950,beredd,2946,galen,2531,misstänkt,2366,irriterad,2308,gift,2140,utmärkt,1993,upptagen,1902
m_UTR/NEU_DT,de,141044,alla,62414,några,58335,samma,34876,varje,21635,inga,18790,dessa,5632,dom,3404,varenda,1843,bägge,1282,vartenda,654,varsin,583,vardera,394,idel,162,ömse,108
m_PLU_DT,de,141044,alla,62414,några,58335,inga,18788,dessa,5632,dom,3407,bägge,1281,idel,162,ömse,108,vartenda,44,vardera,27,tvåhundra,8,neas,7,topp,6,stans,4
m_IND/DEF_DT,alla,62414,all,10115,allt,9151,allting,8,plymouths,1,massa,1,-,0,-,0,-,0,-,0,-,0,-,0,-,0,-,0,-,0
m_NOM_RG,två,59398,tre,26143,fyra,13321,fem,11710,tio,11573,sex,8372,ett,6874,tjugo,5851,en,5553,sju,5080,åtta,4956,hundra,4718,nio,3412,trettio,3156,tolv,3144
m_PLU_NN,år,31486,ögonen,24072,människor,16894,gånger,16815,fall,16586,händerna,15910,saker,15398,ögon,15124,minuter,13497,folk,12447,pengar,11488,dagar,11082,timmar,10662,barn,10391,män,9407
m_UTR_JJ,själv,55198,annan,23527,liten,21507,stor,17082,egen,16250,okej,14891,ensam,13320,lång,13102,säker,12792,tyst,11400,ny,11183,rädd,11125,gammal,10618,sådan,9429,glad,7786
m_IND_JJ,själv,55204,annan,23527,annat,22546,liten,21507,okej,17735,flera,17590,stor,17082,svårt,14135,tyst,13595,ensam,13326,lång,13102,säker,12792,klart,11423,ny,11183,rädd,11152
m_NEU_JJ,annat,22546,svårt,14135,klart,11423,nytt,10940,möjligt,8458,lite,7969,eget,7361,stort,7141,litet,6669,mycket,6520,lätt,6218,vanligt,6139,ont,5946,sant,5632,sådant,5066
m_PLU_JJ,andra,22081,många,20797,flera,17590,båda,12711,små,12284,stora,12124,olika,11037,nya,8116,gamla,7257,fler,6770,egna,6664,flesta,5412,vita,5294,svarta,4958,långa,4941
m_UTR/NEU_PS,hans,127796,hennes,103892,sina,49074,deras,28805,mina,20632,våra,8073,dina,7781,dess,6752,era,2324,ens,1920,andras,1258,varandras,1059,allas,789,annans,732,varsin,573
m_SIN/PLU_PS,hans,127796,hennes,103892,deras,28805,dess,6752,ens,1920,andras,1257,varandras,1059,allas,789,annans,732,varsin,621,annas,339,ninas,317,folks,165,alices,165,dennes,134
m_DEF_PS,hans,127796,sin,112065,hennes,103892,min,66164,sina,49074,sitt,48753,din,30238,deras,28805,mitt,25210,mina,20632,vår,10873,ditt,9874,våra,8073,dina,7781,dess,6752
m_IMP_VB,kom,8849,tänk,6703,ta,5641,låt,5350,säg,3755,se,3350,titta,2261,vänta,2212,ge,2045,lägg,1794,gå,1457,håll,1448,tack,1329,glöm,1314,ring,1298
m_NEU_HP,vad,174664,vilket,11719,fan,2083,vart,135,sjutton,97,vafan,96,vem,29,tusan,19,vadå,18,vari,4,va,4,du…,3,yusef,2,så…,2,skit,2
m_SIN_HP,vad,174664,vem,27825,vilket,11719,fan,2129,vilken,1535,vart,135,hurdan,101,vafan,99,sjutton,98,vadå,24,tusan,19,ers,5,yusef,4,vari,4,va,4
m_IND_HP,vad,174664,vem,27826,vilket,11719,vilka,3856,fan,2129,vilken,1535,vart,135,hurdan,101,vafan,99,sjutton,98,vadå,24,tusan,19,yusef,4,vari,4,va,4
m_PLU_PS,sina,49074,mina,20632,våra,8073,dina,7781,era,2320,er,119,offrens,90,mäns,51,evas,39,amys,34,stans,12,edra,11,sinom,6,noahs,5,jennys,5
m_IND_PN,man,91216,något,71989,allt,48522,någon,45697,en,30813,alla,26055,ingen,25258,ingenting,20549,inget,16385,andra,16124,var,13301,någonting,12783,många,6976,nåt,5606,allting,5388
m_PLU_PN,de,249915,vi,210591,dem,92085,oss,41074,alla,26055,varandra,21061,andra,16003,dom,14315,många,6976,några,5095,er,4499,båda,4122,sådana,2016,fler,1927,flera,1730
m_UTR_PC,tvungen,7196,klädd,4011,förvånad,3737,intresserad,3222,övertygad,2950,beredd,2946,galen,2531,irriterad,2308,misstänkt,2288,gift,1918,upptagen,1902,mördad,1838,förvirrad,1764,lättad,1696,försvunnen,1693
m_SIN/PLU_DT,samma,34876,vartenda,476,varsin,245,noll,5,vareviga,2,tvåhundra,2,varenda,1,ock,1,ekande,1,cias,1,ambers,1,adva,1,-,0,-,0,-,0
m_MAS_JJ,gamle,2384,unge,2141,andre,1790,lille,1533,fars,1270,gode,966,ende,947,döde,806,ene,625,nye,549,förste,547,bäste,526,äldste,434,store,422,synlig,373
m_PRS_PC,levande,2715,liknande,2267,frågande,2263,spännande,1869,sittande,1705,lugnande,1470,rasande,1453,darrande,1300,hängande,1291,avgörande,1260,liggande,1226,beroende,1208,skrämmande,1197,gående,1195,försvinnande,1168
m_SIN/PLU_PC,levande,2715,liknande,2267,frågande,2263,spännande,1869,sittande,1705,lugnande,1470,rasande,1453,darrande,1300,hängande,1291,avgörande,1260,liggande,1226,beroende,1208,skrämmande,1197,gående,1195,försvinnande,1168
m_SUV_AB,helst,17159,mest,14422,sist,6977,minst,5827,knappast,5353,längst,5173,närmast,3510,högst,3087,senast,2758,bäst,2306,oftast,1860,ytterst,1498,främst,1010,innerst,772,överst,550
m_GEN_PM,knutas,1540,guds,1500,stockholms,1300,sveriges,1251,grens,1168,s,1002,tobias,803,saras,738,lukas,688,eriks,600,henriks,595,emmas,582,martins,568,patriks,545,johans,535
m_-_NN,dags,17444,morse,9648,synes,4125,somras,2320,igår,2068,rätta,1681,fredags,1549,våras,1308,hast,1081,förrgår,939,återvändo,868,fjol,764,minnes,699,vintras,656,fullo,623
m_KOM_JJ,bättre,14429,större,8886,äldre,7238,mer,7049,värre,5109,mindre,3892,yngre,3306,högre,3019,längre,2438,lättare,2435,hårdare,2013,inre,1968,tidigare,1940,snabbare,1937,starkare,1871
m_SUV_JJ,sista,19631,bästa,9923,senaste,9088,flesta,5412,minsta,4612,värsta,4332,största,4121,mesta,3086,bäst,3074,närmaste,3025,högsta,1803,viktigaste,1558,översta,1233,yttersta,839,äldsta,771
m_NEU_PS,sitt,48753,mitt,25198,ditt,9874,vårt,5654,ert,1725,vårat,22,erat,14,our,3,montys,2,edert,2,tuis,1,sarahs,1,saifs,1,rejmus,1,pladabs,1
m_SIN_PS,sin,112065,min,66164,sitt,48753,din,30238,mitt,25210,vår,10873,ditt,9874,vårt,5654,er,5004,ert,1725,någons,466,oves,257,jennys,249,alices,135,öns,115
m_UTR_PS,sin,112065,min,66164,din,30238,vår,10873,er,5122,någons,469,oves,253,jennys,220,alices,163,varsin,144,öns,116,mig,95,jimmys,59,mollys,51,våran,49
m_KOM_AB,mer,56577,längre,26897,senare,17596,tidigare,14671,vidare,13962,närmare,7681,mindre,7588,ytterligare,6638,bättre,3351,snarare,3132,hellre,2438,fortare,1015,oftare,807,mera,723,rättare,714
m_UTR_HP,vem,27794,vilken,1535,hurdan,101,fan,46,vadå,6,vafan,3,lale,3,yusef,2,munajev,2,härnäst,2,förhand,2,ers,2,zaid,1,visnic,1,vapnet,1
m_NEU_RG,ett,6874,åttiotvå,2,sextiotre,2,åttioett,1,sjuttiofyra,1,sextiotvå,1,sextioett,1,noll,1,nittioett,1,fyrtiosju,1,fyrtioett,1,-,0,-,0,-,0,-,0
m_SIN_RG,ett,6874,en,5553,nittiofem,3,åttiotvå,2,åttitre,1,åttiosex,1,åttioett,1,tanzie,1,sjuttiofyra,1,sextiotvå,1,sextiotre,1,sextiofem,1,rivsår,1,max,1,fyrtiosju,1
m_IND_RG,ett,6874,en,5553,nittiofem,3,åttiotvå,2,sextiotre,2,åttitre,1,åttiosex,1,åttioett,1,tanzie,1,sjuttiofyra,1,sextiotvå,1,sextiofem,1,rivsår,1,max,1,fyrtiosju,1
m_SMS_NN,dags,210,för-,91,in-,76,pek-,47,röd-,46,barn-,42,platt-tv,41,far-,37,blå-,37,berg-,36,svart-,35,mat-,35,mor-,32,upp-,31,höj-,28
m_UTR_HD,vilken,9438,vem,72,hurdan,13,vart,1,varenda,1,neas,1,nancys,1,-,0,-,0,-,0,-,0,-,0,-,0,-,0,-,0
m_SIN_HD,vilken,9438,vilket,5258,vart,97,vem,72,hurdan,13,vad,3,varenda,1,neas,1,nancys,1,-,0,-,0,-,0,-,0,-,0,-,0
m_IND_HD,vilken,9438,vilket,5258,vilka,4476,vart,97,vem,72,hurdan,13,vad,3,varenda,1,neas,1,nancys,1,keffa,1,-,0,-,0,-,0,-,0
m_NEU_HD,vilket,5258,vart,96,vad,3,-,0,-,0,-,0,-,0,-,0,-,0,-,0,-,0,-,0,-,0,-,0,-,0
m_AN_NN,mm,1118,dr,768,m,334,x,318,gram,208,ms,171,lumi,162,nr,128,st,101,mhm,95,kg,90,mi,86,g,76,kr,74,t,73
m_UTR/NEU_HD,vilka,4476,keffa,1,-,0,-,0,-,0,-,0,-,0,-,0,-,0,-,0,-,0,-,0,-,0,-,0,-,0
m_PLU_HD,vilka,4476,keffa,1,-,0,-,0,-,0,-,0,-,0,-,0,-,0,-,0,-,0,-,0,-,0,-,0,-,0
m_KON_VB,vore,7211,vare,206,finge,29,tack,20,hvad,6,vadå,4,bleve,3,tjena,2,ock,2,jävla,2,ack,2,aber,2,var…,1,säg,1,nåde,1
m_MAS_PC,okände,25,ökände,16,framlidne,15,ingift,2,tjugosjunde,1,nyanlände,1,förtöjd,1,-,0,-,0,-,0,-,0,-,0,-,0,-,0,-,0
m_GEN_JJ,andres,205,dödes,119,fredrikas,89,änglas,70,lottas,67,gamles,59,vuxnas,49,fyras,49,palmcronas,48,mirandas,48,levandes,46,rikas,30,enes,30,likaledes,29,vänsterhäntas,27
m_DEF_HS,vars,2961,vems,555,varsin,40,vilkas,32,ers,3,ursulas,2,tilias,2,ruthies,2,reggies,2,pirjos,2,medelst,2,kripos,2,gitis,2,gatsbys,2,gabys,2
m_MAS_PN,denne,794,densamme,23,karln,7,vi…,1,-,0,-,0,-,0,-,0,-,0,-,0,-,0,-,0,-,0,-,0,-,0
m_PRS_JJ,föregående,288,gapande,53,glittrande,45,övertygande,37,tvivlande,35,nedåtgående,34,ömmande,31,lutande,31,vindlande,26,bullrande,24,surrande,23,förbryllande,21,gripande,19,intetsägande,16,huttrande,14
m_UTR/NEU_HP,vilka,3856,varsin,1,onni,1,djebe,1,danilos,1,-,0,-,0,-,0,-,0,-,0,-,0,-,0,-,0,-,0,-,0
m_PLU_HP,vilka,3856,onni,1,-,0,-,0,-,0,-,0,-,0,-,0,-,0,-,0,-,0,-,0,-,0,-,0,-,0
m_UTR_RG,en,5553,nittiofem,3,åttitre,1,åttiosex,1,tanzie,1,sextiofem,1,rivsår,1,max,1,fyrtiosex,1,femtiosju,1,-,0,-,0,-,0,-,0,-,0
m_PRF_JJ,tryggt,64,naken,14,okänt,13,sprucken,11,rostat,11,ansträngt,11,sorgset,10,andfådd,10,tvungna,8,pressad,8,nöjt,7,knäppt,7,förtjust,7,vuxen,6,vaken,6
m_OBJ_PS,er,275,mig,78,henne,17,sej,2,mej,2,dej,2,-,0,-,0,-,0,-,0,-,0,-,0,-,0,-,0,-,0
m_PRF_VB,tvungen,91,vänd,12,inlåst,3,fråntagen,2,tänd,1,snärjd,1,snedda,1,själasörjd,1,osåld,1,oskadd,1,nuddat,1,nerfrusen,1,lutad,1,liknade,1,lagd,1
m_UTR/NEU_VB,tvingade,1,talade,1,retade,1,mörkrädda,1,liknade,1,kastade,1,inbegripna,1,hörda,1,avsläppta,1,-,0,-,0,-,0,-,0,-,0,-,0
m_PLU_VB,talade,1,mörkrädda,1,liknade,1,kastade,1,avsläppta,1,-,0,-,0,-,0,-,0,-,0,-,0,-,0,-,0,-,0,-,0
m_IND/DEF_VB,tvingade,1,talade,1,mörkrädda,1,kastade,1,hörda,1,avsläppta,1,-,0,-,0,-,0,-,0,-,0,-,0,-,0,-,0,-,0
m_NOM_VB,desperat,2,tvungen,1,talade,1,liknade,1,kastade,1,kallade,1,infekterat,1,hyfsat,1,fråntagen,1,erbjudna,1,avsläppta,1,ammat,1,-,0,-,0,-,0
m_DEF_RO,andra,79,näst,52,tjugoförsta,7,tjugosjunde,3,igår,3,förste,2,tjugosjätte,1,store,1,hundrade,1,-,0,-,0,-,0,-,0,-,0,-,0
m_AN_VB,be,15,see,10,fuck,4,cerca,4,an,3,sälj,2,ring,2,mais,2,hej,2,skip,1,jfr,1,hoh,1,hjälpa,1,gotta,1,fo,1
m_POS_HA,fort,671,paff,1,-,0,-,0,-,0,-,0,-,0,-,0,-,0,-,0,-,0,-,0,-,0,-,0,-,0
m_SMS_PM,sara-ida,12,kriget-utan-slut,8,kråk-berit,6,neger-joe,5,maskin-jocke,5,in-centret,5,upplands-väsby,4,sung-min,4,shadbagh-e-nau,4,morgon-tv,4,bält-bron,4,teknik-benny,3,rödåkra-hemleby,3,kingston-upon-thames,3,häagen-dazs,3
m_POS_PC,spända,17,tvungna,16,förtjust,11,vaken,6,intagnas,6,insjunkna,5,bar,5,upplysta,4,tända,4,sistone,4,sedd,4,oäkta,4,gyllene,4,döendes,4,sovandes,3
m_SMS_RG,redhead07,12,två-tre,8,två-,5,tre-,5,fem-sex,3,fem-,3,en-,3,p4-,1,m41,1,ett-,1,-,0,-,0,-,0,-,0,-,0
m_-_JJ,svart-vita,4,post-it,4,ylva-lis,2,v-a-r-j-e,2,upp-a-puppa-upp-upp-upplös,2,un-der-bar,2,tyst-­blyga,2,tv-presentatör’-,2,tio-tolv,2,syd-,2,gamli-la-li-la,2,fjäll-städs,2,anting-en,2,åtta-tio,1,walk-in,1
m_SMS_JJ,svart-vita,2,post-it,2,åtta-tio,1,ylva-lis,1,v-a-r-j-e,1,upp-a-puppa-upp-upp-upplös,1,upp-,1,un-der-bar,1,tyst-­blyga,1,tv-presentatör’-,1,tio-tolv,1,sju-,1,gamli-la-li-la,1,fjäll-städs,1,fan-tas-tiskt,1
m_UTR/NEU_RO,andra,78,näst,45,igår,36,tjugoförsta,8,hundrade,3,tjugosjunde,2,uppfäst,1,ulme,1,såta,1,stilla,1,sextiotre,1,sanna,1,råge,1,fyrtiofyra,1,funna,1
m_IND_UO,business,7,cottages,5,the,3,tack,3,spiders,3,voyant,2,twinings,2,five,2,ultimate,1,treue,1,tja,1,tin,1,there’ll,1,terminal,1,stands,1
m_UTR_VB,tvungen,45,vänd,9,gift,3,låst,2,inlåst,2,desperat,2,välsminkad,1,upptäckt,1,tänd,1,tryckt,1,själasörjd,1,oskadd,1,omfamnad,1,nerfrusen,1,misstänkt,1
m_POS_RO,igår,74,näst,66,andra,36,hes,3,van,2,varlig,1,tv-fri,1,topsys,1,tjugosjätte,1,tjugosjunde,1,tjugoförsta,1,stilla,1,senig,1,schytt,1,sanna,1
m_IND/DEF_RO,igår,23,andra,7,förste,3,send,2,näst,2,connys,2,uppfäst,1,ulme,1,stilla,1,sanna,1,råge,1,femtionio,1,amals,1,-,0,-,0
m_GEN_PC,älskades,30,anställdas,21,tilltalades,17,intagnas,15,inblandades,11,allierades,11,troendes,6,sovandes,6,döendes,6,prostituerades,4,enchiladas,4,överordnades,3,utvaldas,3,tagetes,3,sägandes,3
m_AN_JJ,sankt,82,kungl,7,fil,5,sos,4,p4,4,st,3,ms,3,m4,3,vol,2,t,2,storebro,2,grev,2,xvi,1,wisby,1,tisdag,1
m_SIN/PLU_RO,näst,10,andra,6,tjugoförsta,5,tjugoåttonde,2,uppfäst,1,ulme,1,stilla,1,råge,1,femtionio,1,connys,1,amals,1,-,0,-,0,-,0,-,0
m_UTR_UO,business,5,ers,4,the,2,spiders,2,cottages,2,best,2,a,2,zeta,1,wsb,1,twinings,1,treue,1,there’ll,1,stand,1,spirited,1,single,1
m_SUB/OBJ_HP,fan,41,sjutton,4,tusan,3,vafan,1,nånting,1,intet,1,hvilken,1,hurdan,1,faen,1,dået,1,dumu,1,ahlbin,1,aban,1,-,0,-,0
m_SIN_RO,igår,59,näst,51,andra,20,förste,5,tjugosjunde,4,hes,3,send,2,ådrad,1,varlig,1,van,1,tv-fri,1,tjugosjätte,1,tjugofjärde,1,store,1,senig,1
m_SIN_VB,tvungen,9,desperat,3,vänd,2,gift,2,upptäckt,1,låst,1,lagd,1,förtjust,1,fäst,1,ammat,1,-,0,-,0,-,0,-,0,-,0
m_IND_VB,inlåst,2,gift,2,upptäckt,1,låst,1,desperat,1,ammat,1,-,0,-,0,-,0,-,0,-,0,-,0,-,0,-,0,-,0
m_NEU_VB,kränkt,2,tvunget,1,mätt,1,infekterat,1,hyfsat,1,försenat,1,bortrakat,1,blåst,1,ammat,1,-,0,-,0,-,0,-,0,-,0,-,0
m_MAS_RO,förste,6,send,3,store,2,näst,2,höge,2,prime,1,konsuln,1,igår,1,happy,1,-,0,-,0,-,0,-,0,-,0,-,0
m_SUP_PC,fortsatt,14,upptäckt,2,vräkt,1,upphetsat,1,låst,1,lutad,1,inställt,1,infekterat,1,förskräckt,1,-,0,-,0,-,0,-,0,-,0,-,0
m_SIN_UO,cottages,9,business,9,the,5,tack,3,spiders,3,twinings,2,tin,2,hunks,2,five,2,best,2,a,2,zeta,1,wsb,1,win,1,will,1
m_UTR_RO,igår,13,näst,7,hes,3,ådrad,1,senig,1,förrgår,1,-,0,-,0,-,0,-,0,-,0,-,0,-,0,-,0,-,0
m_NEU_UO,voyant,1,sine,1,qua,1,cottages,1,-,0,-,0,-,0,-,0,-,0,-,0,-,0,-,0,-,0,-,0,-,0
m_NOM_UO,business,8,cottages,6,spiders,3,twinings,2,a,2,wsb,1,work,1,voyant,1,ultimate,1,treue,1,there’ll,1,the,1,terminal,1,teamwork,1,tack,1
m_SIN/PLU_HS,varsin,10,pirjos,1,medelst,1,kripos,1,gatsbys,1,flestas,1,-,0,-,0,-,0,-,0,-,0,-,0,-,0,-,0,-,0
m_DEF_HP,thies,2,ers,2,ä…,1,vapnet,1,så…,1,som…,1,och…,1,nygasi,1,mammy,1,ecmo,1,dåså,1,danilos,1,beatas,1,-,0,-,0
m_PRS_UO,door,1,d'armes,1,an,1,-,0,-,0,-,0,-,0,-,0,-,0,-,0,-,0,-,0,-,0,-,0,-,0
m_PLU_RO,andra,3,-,0,-,0,-,0,-,0,-,0,-,0,-,0,-,0,-,0,-,0,-,0,-,0,-,0,-,0
m_PLU_HS,reggies,1,gitis,1,gabys,1,-,0,-,0,-,0,-,0,-,0,-,0,-,0,-,0,-,0,-,0,-,0,-,0
m_IND_RO,näst,6,igår,3,ådrad,1,tv-fri,1,förrgår,1,-,0,-,0,-,0,-,0,-,0,-,0,-,0,-,0,-,0,-,0
m_SUV_RO,tjugoförsta,6,näst,3,sista,1,-,0,-,0,-,0,-,0,-,0,-,0,-,0,-,0,-,0,-,0,-,0,-,0
m_-_UO,shhhhh,1,-,0,-,0,-,0,-,0,-,0,-,0,-,0,-,0,-,0,-,0,-,0,-,0,-,0,-,0
m_MAS_UO,une,1,rörd,1,riding,1,-,0,-,0,-,0,-,0,-,0,-,0,-,0,-,0,-,0,-,0,-,0,-,0
m_UTR/NEU_HS,varsin,1,-,0,-,0,-,0,-,0,-,0,-,0,-,0,-,0,-,0,-,0,-,0,-,0,-,0,-,0
m_IND_HS,varsin,1,grens,1,ers,1,-,0,-,0,-,0,-,0,-,0,-,0,-,0,-,0,-,0,-,0,-,0,-,0
m_-_PN,yusef,3,som…,3,fariha,3,tohunga,2,hinde,2,du),2,dipita,2,airi,2,rønning,1,pinuccia,1,a,1,-,0,-,0,-,0,-,0
m_AKT_PC,vänd,2,fäst,2,överraskad,1,vred,1,upphetsat,1,tvungen,1,tfaddel,1,redo,1,fortsatt,1,avsläppta,1,-,0,-,0,-,0,-,0,-,0
m_SUB_HP,yusef,1,rosha,1,maiju,1,kunicki,1,idina,1,goi,1,anuscha,1,adar,1,-,0,-,0,-,0,-,0,-,0,-,0,-,0
m_AKT_UO,log,1,an,1,-,0,-,0,-,0,-,0,-,0,-,0,-,0,-,0,-,0,-,0,-,0,-,0,-,0
m_AN_UO,trudy,1,ovitz,1,ladies,1,-,0,-,0,-,0,-,0,-,0,-,0,-,0,-,0,-,0,-,0,-,0,-,0
m_MAS_HP,denne,1,-,0,-,0,-,0,-,0,-,0,-,0,-,0,-,0,-,0,-,0,-,0,-,0,-,0,-,0
m_-_HS,kines,1,-,0,-,0,-,0,-,0,-,0,-,0,-,0,-,0,-,0,-,0,-,0,-,0,-,0,-,0
m_SIN_HS,varsin,2,ers,2,grens,1,-,0,-,0,-,0,-,0,-,0,-,0,-,0,-,0,-,0,-,0,-,0,-,0
m_IMP_PC,vänd,1,-,0,-,0,-,0,-,0,-,0,-,0,-,0,-,0,-,0,-,0,-,0,-,0,-,0,-,0
m_SUB_PS,lale,1,-,0,-,0,-,0,-,0,-,0,-,0,-,0,-,0,-,0,-,0,-,0,-,0,-,0,-,0
m_POS_UO,air,1,-,0,-,0,-,0,-,0,-,0,-,0,-,0,-,0,-,0,-,0,-,0,-,0,-,0,-,0
p_NN,år,40204,huvudet,38340,gång,36934,dörren,35621,mamma,30940,hand,30254,handen,28925,fall,26879,liv,26514,tid,26342,tiden,25489,pappa,24950,sätt,24874,mannen,24355,ögonen,24074
p_PM,johan,10056,thomas,9875,harry,9807,erik,9485,annika,9061,patrik,8922,maria,8825,stockholm,8176,martin,8104,henrik,7986,malin,7756,langdon,7567,sebastian,7284,karin,7065,anna,6908
p_PP,i,959542,på,900917,med,531447,för,416462,till,378263,av,350903,om,230522,från,151653,mot,139170,över,98539,efter,91322,vid,79926,under,62723,genom,46719,utan,45208
p_AB,inte,652094,så,315892,här,167905,nu,149430,bara,146338,där,92157,då,82990,sedan,72651,kanske,69271,ju,65293,också,60244,mycket,58194,mer,56577,aldrig,54995,väl,52504
p_NU,1,1794,2,1612,3,1196,15,1181,000,1165,5,1108,10,1091,4,1017,14,992,30,984,20,968,12,911,18,870,17,862,6,852
p_PN,det,1107492,han,894823,jag,802180,hon,776176,sig,448517,du,363307,de,249915,vi,210591,honom,183950,mig,176806,henne,167427,den,132670,dem,92085,man,91216,dig,87650
p_VB,var,584827,är,508967,hade,463563,har,292598,skulle,227713,sa,218975,kan,135149,kunde,110483,såg,101544,ha,101498,ska,95555,vara,94852,gick,82029,kom,80574,vet,79099
p_DT,en,759655,ett,309088,den,295855,det,160483,de,141044,alla,62414,några,58335,någon,48059,något,39582,ingen,36363,samma,34876,varje,21635,inga,18791,inget,16950,all,10115
p_JJ,själv,55204,hela,48244,andra,46912,bra,27610,enda,25262,stora,23866,annan,23527,annat,22546,liten,21507,många,20816,sista,19631,lilla,18551,okej,17740,flera,17590,ena,17271
p_HP,som,502821,vad,174664,vem,27830,vilket,11719,vilka,3856,fan,2129,vilken,1535,vart,135,hurdan,101,vafan,99,sjutton,99,vadå,24,tusan,19,som…,17,yusef,9
p_RO,första,31097,tredje,4655,andra,2803,fjärde,1650,femte,801,iii,749,sjätte,505,sjunde,400,tionde,398,näst,313,åttonde,212,igår,172,elfte,171,nionde,161,femtonde,138
p_PC,tvungen,7198,taget,5587,klädd,4011,förvånad,3743,sagt,3615,sett,3548,hämtade,3242,intresserad,3222,övertygad,2950,beredd,2946,älskade,2794,levande,2715,galen,2531,misstänkt,2366,irriterad,2308
p_KN,och,1589261,men,360523,som,220006,eller,114852,än,64984,både,16182,utan,13792,så,6012,varken,5182,för,4367,vare,3115,antingen,2753,ju,2305,dels,1880,samt,1788
p_SN,att,629598,om,200586,innan,52243,medan,34606,eftersom,21914,tills,14609,sedan,9697,än,4134,förrän,2089,ifall,1974,fort,1453,fast,1276,fastän,1233,såvitt,728,varifrån,641
p_HA,när,241064,hur,132678,där,78211,som,47866,varför,40965,var,32880,då,13656,vart,4928,fast,3698,därför,3399,fort,1078,förrän,943,varpå,742,dit,484,varav,450
p_PL,upp,140105,ut,133920,in,109810,till,63672,fram,54458,ner,52466,med,39208,på,36260,igen,35826,bort,33735,tillbaka,30039,kvar,26664,ihop,24086,om,20180,av,18437
p_RG,två,59398,tre,26143,fyra,13321,fem,11710,tio,11573,sex,8372,ett,6874,tjugo,5851,en,5553,sju,5080,åtta,4956,hundra,4718,nio,3412,trettio,3156,tolv,3144
p_PS,hans,127796,sin,112065,hennes,103892,min,66164,sina,49074,sitt,48753,din,30238,deras,28805,mitt,25210,mina,20632,vår,10873,ditt,9874,våra,8073,dina,7781,dess,6752
p_IE,att,560566,fan,24,att…,13,om,6,at,5,yusef,4,max,4,gem,4,truut,3,medan,3,leefolt,3,inte…,3,hilly,3,eftersom,3,ecker,3
p_IN,ja,61344,nej,46735,jo,12122,tack,8727,fan,7983,jaha,5901,förlåt,5811,åh,5288,hej,5129,va,4951,herregud,3327,jaså,2762,vadå,2634,nä,2018,oj,1982
p_UO,the,816,a,367,to,199,and,190,of,188,is,180,you,167,in,156,house,131,it,127,me,124,et,116,my,111,on,107,life,97
p_HD,vilken,9438,vilket,5258,vilka,4476,vart,97,vem,72,hurdan,13,vad,3,varenda,1,neas,1,nancys,1,keffa,1,-,0,-,0,-,0,-,0
p_HS,vars,2961,vems,555,vilkas,32,varsin,22,ers,2,ursulas,1,tilias,1,tarnies,1,ruthies,1,reggies,1,pirjos,1,pamelas,1,medelst,1,kripos,1,kines,1
p_MI,will,88,max,64,och…,58,mya,50,you,43,aneta,38,dot,36,mella,30,oavsett,28,så…,25,att…,24,som…,22,ru,22,for,22,tira,21
p_PA,you,39,will,18,se>,18,to,9,se],7,och…,7,on,5,a,5,vadå,4,mä…,4,at,4,are,4,we,3,va,3,toimi,3
p_MA,och…,116,att…,116,som…,84,kvar),83,men…,80,inte…,69,så…,64,om…,49,jag…,46,att,42,det…,41,bara…,40,här…,31,är…,30,till…,29
r_root,sa,54525,såg,52350,har,51873,vet,47902,hade,43358,är,38798,var,37793,gick,36110,tog,32859,kom,32372,ser,25657,blev,25635,stod,24428,tror,24426,kände,22937
r_case,i,863300,på,802467,med,481854,till,328186,av,321886,för,242539,om,175250,från,144017,mot,136446,över,85837,vid,77942,efter,77432,under,61975,genom,40870,åt,38711
r_obl,honom,73331,henne,68834,sig,63574,mig,58784,det,57938,som,30717,dem,29911,dig,29859,huvudet,27023,år,25831,den,22958,gång,18956,fall,17434,sätt,17428,tiden,14756
r_nmod,par,17445,dem,13347,klockan,6917,honom,6718,del,6465,henne,6251,sig,5533,det,5285,senare,5143,massa,4375,sidan,4163,mig,4041,här,3933,år,3913,liv,3546
r_nsubj,han,868012,jag,774447,hon,744458,det,471406,som,371812,du,354726,de,234280,vi,199870,man,95116,den,59781,ni,59243,någon,20594,ingen,19831,allt,15752,alla,15506
r_flat:name,grens,1480,grey,1437,salander,1425,andersson,1367,eriksson,1228,nilsson,1164,carlsson,1116,karlsson,1059,von,1019,hoffmann,1004,iii,848,blomkvist,843,johansson,815,svensson,805,bergman,766
r_xcomp,gå,13435,ta,12114,göra,9962,bli,9920,få,8679,komma,7680,se,7214,säga,6768,tyst,6056,prata,4977,ha,4475,bättre,4358,berätta,4105,tänka,3993,hålla,3807
r_det,en,754961,ett,305185,den,272990,det,149740,de,135339,alla,61420,några,57995,någon,47503,något,42032,ingen,36152,samma,33156,varje,20340,inga,18341,inget,16356,all,9865
r_amod,hela,44948,andra,35272,första,25315,stora,22130,många,20061,själv,17766,lilla,17569,liten,17451,flera,17249,enda,16836,sista,15815,nya,14880,egen,14798,gamla,14720,annan,13382
r_acl:relcl,hade,9458,stod,8238,har,7198,låg,6505,satt,6178,såg,5489,gjorde,5452,kom,4781,gick,4666,fick,4593,fått,4250,gjort,4072,kände,3769,hänt,3667,fanns,3503
r_nmod:poss,hans,123813,sin,107271,hennes,100758,min,60447,sina,48444,sitt,47339,din,29238,deras,28308,mitt,24779,mina,18886,vår,10520,ditt,9482,våra,7949,dina,7599,vårt,5488
r_obj,sig,338004,det,198452,vad,116219,mig,95175,honom,90084,henne,79194,som,61831,den,54524,dig,45091,dem,43592,något,38561,oss,19733,blick,13237,tid,13216,dörren,12315
r_compound:prt,upp,139517,ut,132139,in,108211,till,69101,fram,54131,ner,52042,på,44274,med,40183,igen,35092,bort,33325,tillbaka,29579,kvar,26333,ja,25117,ihop,23931,om,21607
r_cc,och,1562547,men,359916,eller,109343,både,16144,utan,13950,så,6840,varken,5144,för,4379,antingen,2732,vare,2676,samt,1784,som,1656,el,637,and,393,to,332
r_conj,såg,25060,gick,20778,tog,17665,hade,12963,ser,11569,sa,11385,tittade,11338,började,10867,kände,10831,har,9986,drog,9944,fick,9819,kom,9748,går,9582,blev,9343
r_mark,att,1120410,om,234314,när,228207,som,211262,för,156966,på,55632,innan,50952,så,47553,än,37718,medan,34518,med,30078,utan,24169,eftersom,21826,av,17164,till,16333
r_advcl,så,41566,kom,22151,sa,15518,ta,14773,göra,14470,se,14356,få,13999,gick,12913,har,12439,var,12158,hade,10962,gå,10780,är,10769,såg,10648,kommer,9427
r_advmod,inte,649808,så,212677,där,166036,bara,145934,nu,141307,hur,131719,då,81143,i,70409,här,68580,ju,67556,kanske,66619,också,60033,sedan,59375,aldrig,54530,mycket,53000
r_aux,hade,369921,skulle,226070,har,192567,kan,132038,kunde,105060,ska,92241,måste,76387,ha,59175,vill,49326,ville,41383,kommer,38260,får,30519,kunna,28641,borde,25432,fick,23834
r_nsubj:pass,som,34165,han,19219,det,16460,hon,16267,de,12395,jag,9220,vi,8856,den,4797,du,3029,dörren,2475,man,2154,ni,1191,allt,1006,röst,995,ljud,864
r_nummod,två,51690,tre,22844,fyra,10771,fem,9551,tio,9463,sex,5797,tjugo,5106,en,4413,hundra,4347,ett,3929,sju,3238,åtta,2918,trettio,2672,femton,2657,tusen,2566
r_fixed,här,92748,att,69723,och,25308,som,23540,det,22226,om,18972,med,15197,sedan,13081,helst,13024,väg,12778,av,11491,allt,10546,så,9068,än,8465,stället,7905
r_appos,en,1449,den,619,n,583,man,534,ett,430,år,338,kvinna,305,de,299,hon,287,ja,259,barn,253,mamma,231,va,218,s,198,något,190
r_cop,var,511653,är,433310,vara,74206,varit,51624,vore,6329,blev,4746,blivit,1532,bli,1087,blir,740,låg,153,sa,80,förbli,69,må,54,förblev,50,jävla,43
r_parataxis,sa,127920,säger,38949,frågade,18267,frågar,10730,tänkte,9455,är,7815,vet,6781,svarade,5850,var,5506,har,5344,tror,3998,undrade,3893,sade,3782,tänker,3677,svarar,3348
r_ccomp,hade,10767,har,9859,är,7441,göra,6996,var,5506,bli,4856,gjorde,4600,ha,4503,ta,4483,fanns,4431,komma,4100,gick,4026,går,3989,gå,3961,gör,3931
r_dislocated,vad,17190,vem,2651,det,1934,vilka,775,kom,740,är,421,har,396,var,289,han,239,den,222,gör,219,sa,216,du,215,snälla,201,något,196
r_csubj,se,3002,ta,2974,få,2767,göra,2583,ha,1827,säga,1697,gå,1608,komma,1575,hålla,1155,höra,1091,har,1089,hitta,1066,hade,1050,veta,1044,bli,898
r_acl,själv,36808,göra,3619,själva,3243,ta,2805,gå,2325,få,1916,komma,1712,ensam,1305,se,1272,säga,1042,prata,991,hålla,943,bli,854,ha,799,tänka,716
r_expl,det,327134,vad,686,allt,453,vem,346,något,299,fan,118,hon,90,inget,76,någon,74,den,62,ingenting,48,någonting,45,de,39,var,38,ingen,38
r_iobj,sig,35785,mig,15888,honom,11249,henne,10399,dig,9735,oss,3532,dem,3456,er,1491,varandra,401,dej,333,mej,319,den,284,hem,163,sej,142,dom,139
r_acl:cleft,har,1363,gjorde,1093,sa,1087,hade,927,gör,876,kom,756,hänt,716,såg,676,fick,663,händer,660,säger,602,tog,601,vet,587,gjort,570,hände,556
r_aux:pass,bli,7855,blivit,4690,blev,3004,blir,2075,var,997,är,391,vara,112,varit,77,vore,57,ett,18,en,11,förbli,3,den,3,de,3,sov,2
r_obl:agent,panik,309,tårar,290,människor,283,någon,270,polisen,269,blod,263,dem,251,man,249,svett,224,honom,180,män,178,folk,167,den,164,kvinna,158,det,153
r_compound,the,950,a,243,to,177,is,166,you,165,my,149,for,129,on,105,me,84,it,84,and,80,not,69,from,67,be,67,your,65
r_csubj:pass,hade,139,få,79,bli,78,sett,75,komma,68,ta,55,sagt,52,gå,52,såg,51,har,50,göra,48,ha,47,ge,41,hört,39,gjorde,37
r_discourse,ja,16400,nej,12606,jo,4210,åh,1914,fan,1345,herregud,1332,jaha,1234,förlåt,1116,hej,860,jaså,690,tack,610,nä,538,okej,440,nåja,437,hallå,355
r_punct,tack,216,och…,164,ja,154,you,137,att…,131,nej,109,som…,105,men…,92,så…,84,kvar),83,inte…,79,will,76,det…,52,om…,51,mya,49
r_list,maj,147,2017,98,juni,96,juli,84,december,78,2016,77,november,75,1954,74,augusti,60,oktober,51,februari,42,2010,34,30,31,2,26,1987,26
r_orphan,det,140,kom,41,gick,22,bit,19,gång,18,den,18,två,16,gånger,16,år,13,var,13,tio,8,tiden,8,såg,8,satt,8,nio,8
